{"cameraMode":{"drawMode":0,"name":"Shaded","section":"Shading Mode"},"sceneLighting":true,"audioPlay":false,"sceneViewState":{"showFog":true,"showMaterialUpdate":false,"showSkybox":true,"showFlares":true,"showImageEffects":true,"showParticleSystems":true,"showVisualEffectGraphs":true,"m_FxEnabled":true},"in2DMode":false,"pivot":{"x":24.457902908325197,"y":5.159046173095703,"z":-27.93364715576172},"rotation":{"x":-0.09134918451309204,"y":0.021813154220581056,"z":-0.002002328634262085,"w":-0.9955725073814392},"size":4.5744476318359379,"orthographic":false}