{"cameraMode":{"drawMode":0,"name":"Shaded","section":"Shading Mode"},"sceneLighting":false,"audioPlay":false,"sceneViewState":{"showFog":true,"showMaterialUpdate":false,"showSkybox":false,"showFlares":true,"showImageEffects":true,"showParticleSystems":true,"showVisualEffectGraphs":true,"m_FxEnabled":true},"in2DMode":false,"pivot":{"x":4.4012250900268559,"y":1.8927158117294312,"z":-7.453237533569336},"rotation":{"x":-0.04931269958615303,"y":0.08171437680721283,"z":-0.004048866219818592,"w":-0.9954197406768799},"size":2.1195709705352785,"orthographic":false}